bookID,average_rating
2538,3.8272739100833153
31912,3.9559032625691524
7716,3.896989497118775
7811,3.733553462929303
19379,3.8772298687082025
41539,3.983688698314021
12947,3.9061070824024586
2735,3.952412042761857
35425,3.815255232781916
42959,3.928470492374035
3830,3.791923410049737
6149,3.946987792702818
43556,3.959899516343158
10629,3.946500976247809
11019,4.067234024066347
20258,3.8346994000410906
37052,4.430609289152933
14313,4.048494638426818
23235,3.770014049275631
16686,3.7694376533909737
15714,4.040439443147965
39418,3.956708698654033
5898,4.267613157212162
28425,3.7017230977862234
9602,3.8771512963130745
42359,3.783118505885826
28272,3.9680290627411896
11436,4.326552473412148
34327,3.9966736429352396
19396,3.9733991494135106
44925,3.9224459136781546
16213,3.9438292997650177
18297,3.9651702343203326
8285,4.030900687811308
9444,4.092768497033627
12315,4.071701373132684
30574,3.964421700526066
43536,3.879117411548318
2958,3.750205626846624
25850,3.8582173489945593
26229,3.8555406176150613
2781,3.858834871269359
42198,3.911796770118777
1521,3.838889410297582
15624,4.177508132731096
3006,4.065634129748843
44146,3.6074618091699984
19580,3.8595948276642718
44649,4.079538442109769
8969,3.9375762986068525
28763,4.056766099846065
20519,3.7765262915937514
7092,3.873915802108839
25713,3.966545170135925
43562,3.973541323626409
16077,4.3154576005790934
4524,3.96241835896818
40384,3.789740111011999
6800,3.8184440914830393
13064,3.7751975529139026
43889,4.131039954431248
28699,3.981404679500371
13834,4.1353157978913195
42882,3.6385357118852313
103,3.7540921377122665
28865,4.125545821415565
8048,4.078588802721749
22489,3.9277353548943927
707,3.9743642740737477
29011,3.925870275136797
15900,3.9266569261370474
25777,3.9554949766241316
1494,3.91420574561893
12583,4.025239538549499
21534,4.208281270238697
29167,3.9167086404169087
18144,3.8660651498831644
17011,3.762634266336207
890,3.9237245314105333
44018,3.814855422266532
23045,3.7367301308228775
35432,3.9683969923606908
11861,1.4006716124516232
27885,3.8114690921554613
7549,4.08856041042532
18700,3.893302610097866
2211,3.939028723871434
2962,4.045450565021059
34897,4.113015257462122
35219,3.9110553636493934
21343,3.9524507994289078
3803,3.800547435373105
3513,3.7152625073905745
33999,3.8792568838594823
19361,3.9384173078830083
44133,3.916105792482182
26638,3.8397981818394884
15855,3.86566633466684
32830,4.04244510771126
32421,4.019503758426499
664,3.7889122223371006
4540,3.764775524537825
3828,3.7366673362133276
25363,3.823423738935947
44881,3.6867197442855746
21495,3.868162904992177
32111,3.8938895171411407
31925,3.770110285681368
23316,3.930277084243714
3679,3.787704424697521
13446,3.855004969701089
2409,3.7241673136399105
12789,3.4891280729754093
11317,4.24674209809114
28524,4.100352124543184
447,3.8331196764119815
5442,3.8446422674128375
14072,3.861664688419528
18384,3.8695695397737917
1852,3.855765080851849
32400,3.85500814026753
32737,3.9285150677505163
152,4.17474343107248
37837,3.707796743215321
23849,3.6932686994691917
15557,4.1117416314037545
16180,3.843425597527106
31978,3.9589799608624054
22867,4.232233788105114
7188,4.076701557292285
20398,4.128972932664255
17807,3.932574303252173
8290,4.15720276055393
29435,4.063297003642631
32975,4.041557155976249
14606,3.987215293260906
38004,3.981984055532767
14403,4.033679697449075
43503,3.8396035406477886
35052,4.01049612538902
13571,4.187122166113868
43963,3.9502180719702564
41863,3.825787911394444
15295,3.996249770225991
32358,3.9791927896436112
32099,3.6732521068817037
26590,4.0176726683029385
18646,3.9075512496948734
10964,4.3003442730640185
15052,3.7744622989345444
17982,4.081574796730601
11383,3.8405081247917927
6298,3.9234955315334004
38262,3.9581457264006845
39022,3.847872815572176
17295,3.929590229509369
18521,4.0033287768066526
11269,4.129179717804363
870,4.392987453073534
14137,3.991530192187568
22166,3.916307281731069
40048,3.9158777643543687
4435,4.026699935133376
15438,3.76696892641338
7439,3.6225932019733125
31804,3.9075087445151837
14983,3.963821139108472
34452,3.9049170017714134
21326,4.143470694202649
24866,4.090938812536289
16692,3.8259183113857804
18798,4.041733158984895
41664,3.6755649455303585
12817,3.9860300357540157
31034,3.9083748083548766
5729,3.9094675741971234
33616,3.926404773818054
6540,3.800944075775765
44644,4.040208058408368
11550,4.115204416507178
5554,3.8700894093486373
15997,3.815537890677552
24692,3.946039813594949
18361,4.241576475106574
22356,3.915485797592176
5595,4.057226288206673
37169,3.801224255888022
35926,3.6113115481131115
23377,4.048636428719746
18305,3.906278242165623
18241,4.277762110295955
2520,4.080035719051512
21931,3.5273165481406012
435,3.861606844720047
33569,4.071664665642122
13530,3.8722697592960493
2095,4.116813509010781
8203,4.000638777962628
32505,4.156341920294859
25257,3.858099419089858
9347,3.6824705387365064
20343,3.9389882756034162
30743,3.9143257203036663
42382,4.037568540846623
33734,3.7083347238255024
12676,3.8898756722627756
6159,3.9079701655142522
14721,4.051108619797943
15781,3.8457649310464164
21114,4.040538050849426
2445,3.973487532454844
8909,3.944255914911239
20891,3.9519114902779457
17296,3.9275618094697657
19383,3.676719100345943
22176,3.8676081113877636
40470,4.017515058918064
8546,3.9617070738678226
25946,3.8949739017960114
19661,3.974345338482432
17152,3.880897007633163
848,3.8598815717042485
66,3.9107769394400966
22493,3.879420427143144
38244,3.8231662300222973
20182,4.050322523870692
1850,3.975707484352417
27356,3.961753714250903
2327,4.002408607535387
35335,3.9037711305119585
19475,3.9178308731617273
13194,3.9208413889410276
35120,3.6470536832886244
29797,3.931289481486814
171,3.815135405943958
5104,3.9570736404772826
12000,4.295775125994296
15437,3.7611936724211597
14016,3.8384238099506054
42603,3.924888332080984
3359,3.970562139911421
29936,4.028257226382845
24346,3.775126377720228
44685,4.233409536344789
29285,3.8886716463035054
15018,4.175180511390325
24172,4.18428028417512
41700,3.997181697474472
44567,3.8422090903484687
38680,3.823213732871513
33837,3.905035674434964
12075,3.9382594619116587
9006,3.91836468334587
4845,4.080598533798568
25174,3.8252953307432205
24064,3.968490985057253
34504,3.9572748213090647
14962,3.762885803629207
1476,3.881145800888037
2761,3.885183544918386
8178,3.7265877299381676
2770,4.144545898273896
12043,3.8334995845027207
2655,4.125419495204672
12975,3.860285241064353
12990,3.842201403406262
18133,3.80572412933291
17837,3.915351822035551
2997,3.902790746922623
25401,3.83203251343185
21803,3.8460107862849524
7849,3.963188558746751
5653,3.85294669339716
32110,3.8018774619617037
1527,3.9150319950413897
38429,3.792945805162047
35807,4.033295625709821
5777,3.970083416516214
44353,3.8398805217864873
25866,3.949569886606649
19448,3.8383984803642877
157,4.168265395667267
9164,3.8244535177657344
20235,3.9981596242519672
5575,3.978638391170502
9652,3.9583379612832688
26525,2.697571309958864
42758,1.671053886845895
17845,3.8398485397187265
27780,4.045500251607489
37134,3.9264134593348468
23627,3.9918541089079125
25709,4.333866790998323
37675,4.111769204604961
9515,3.9727796641201922
18438,3.940207896925256
42369,4.052621436425448
45639,3.919196631153793
30891,3.8198710339393953
7591,3.6953809988176074
23827,4.021627373107457
33699,3.8554747948356827
43884,4.040762134933573
41459,3.8419683580085486
23882,3.9108213252421242
5755,3.9960427136184933
24601,4.025220102449593
16669,3.911967168118338
3303,4.047411965821549
3532,3.9232297556149236
3438,3.70072724995196
1566,3.622723632609537
23218,3.722292513637043
24768,3.836120460903564
7959,3.667817689561578
86,3.9401786734285977
5296,4.149872881297788
43084,3.950825670507583
40335,3.9541662523784846
5402,4.022129106175673
10711,3.849794093389961
44046,3.7742254612749053
16697,3.8089272539258947
25023,3.9198510666591773
31836,3.7968523002996752
16718,3.685138951272549
36,4.345350783295171
29746,3.6797453079810643
7796,3.9843300378151025
42880,4.004713862380422
42741,3.7948294788918795
4418,3.973446811086241
12488,3.681835789130356
12615,3.941551271488706
6115,3.9951201074479803
44478,3.829604486191555
10968,3.7005983425970754
27883,3.9920196843714106
19068,3.957068494700461
38643,4.073281337236965
2333,3.9315817222058698
25246,3.9829366284840786
9888,3.7700269714522223
2107,3.8720405651129894
5371,4.045518985888459
43433,3.6538676479933305
5891,4.058324229968137
24725,3.713246148391777
12938,3.8409721857407626
22916,4.054322133252208
11752,3.701784198292278
15318,4.2530344534185325
3273,3.9754700603204496
23814,3.9301753877675067
4942,3.6416081543924688
27514,4.033363456825676
30010,4.1712902536887055
18852,3.972961216641473
9557,3.7657722533377
130,3.8749728225602857
416,3.8406113655225758
15049,3.7732303451988987
6422,4.007863303093059
12078,4.022873839280181
7343,3.96999972168081
26189,3.85824994505259
3388,4.016394330139964
28205,4.037266618519231
14268,3.9473965613912867
44145,3.849610510664556
37241,3.9446517350674424
793,3.816367420078816
16763,3.8627436582507495
36598,3.919012532481509
34833,3.798375627285034
3167,4.025021319451736
40158,4.0615067705144074
9739,3.7574657239889424
2843,3.754983729892692
43828,3.8556065676678704
42625,4.069240574767326
17610,3.784336291146113
4675,3.817895619880677
15867,4.052334656233484
30923,3.944298728391711
9186,4.041087406908339
1078,4.034114510810881
15136,4.011168954110673
11308,4.120016685528675
10976,4.424957534920816
17877,3.9110641976295493
3736,3.964873164309903
16429,3.978839442367594
41217,3.870135795324379
39969,3.682045560134111
25171,3.7535842439862015
44349,3.9384769109518647
17356,3.9190128708724337
10552,3.8561775638661495
42956,3.9644366554181403
31177,3.7373213687019224
33615,3.8753896996475836
33137,3.920702626271996
422,3.849951090649297
41487,3.7863507470640134
4525,3.954904940131872
37693,3.838416588870105
8199,4.056505909725621
10796,3.951540891827121
332,3.8190285657584044
32435,3.933220720178806
9376,3.979393051310714
24115,4.0472817735379705
8249,3.9986275426936237
39027,3.8362674574732454
3582,4.401394463614909
19684,4.1186558772510695
4325,3.9993994676226756
13872,3.9932601855697207
5915,3.976841536995257
15937,3.985547994466818
1620,3.874106626464415
44187,4.030293477532561
14909,4.071017053021922
22656,3.7337150616067882
28078,3.9802639686591794
26079,3.865006070129026
35406,3.84645398661976
24682,4.224725822272446
44524,3.8568779068813672
38469,4.024275721958109
31678,3.7847014488953894
1523,3.9964501591234454
36259,3.6931113192759204
31306,3.7832820125527933
25048,3.8600021785185175
903,3.9283729086774226
7996,3.9868763573709893
18287,3.7924988939424793
40604,4.0324545382373875
34495,4.049858682023215
22691,3.712540799077944
3886,4.3039000644303815
33722,3.8236167316171965
34427,4.2673751606539945
4263,3.988019412866843
28186,4.1559537802244435
39747,3.9485566892635093
7783,4.189672515782462
23975,3.8274314061672783
4434,3.906254251115358
35880,3.7691964767399964
13241,4.014291047564619
41125,3.7263902386075065
965,3.7702213750878277
45462,3.9523977449248107
15448,3.6656369517126826
23717,4.188550449754153
33159,3.728387179923727
30272,4.055687048551597
45253,4.0905786313809145
22360,4.14030702291811
41072,3.9054443566318238
2010,3.6752538164922703
21624,3.8717776627945106
7493,3.8398565773939004
45313,3.81431967335351
33555,3.7794232867388353
18931,3.890863216442889
19257,2.013350402716479
30868,4.092909616474437
247,3.8263183946429438
39347,3.87273452554371
16967,4.015033291733272
6505,3.909953950447068
21489,3.7097553074453247
18334,3.8295333202765227
5544,4.082480254641511
36193,3.8219221923096276
31340,3.8267870894186884
44535,3.7196567627169497
1164,3.8165565757559987
24124,3.995726375665755
12936,3.8969616107387846
14318,3.945489212959269
23917,4.066839829892091
27000,3.9968923219812296
20117,3.7173856255661253
27828,4.128269611144
25190,3.8457037083640246
17292,3.8832955289183597
35138,3.630908762067873
5216,3.8152667309809476
17153,3.850877454363787
3402,3.859111922924936
29289,4.13029619886795
231,4.084992118569401
40386,3.7848646191450412
24060,3.9043429756429107
29044,3.9621305350774176
28158,3.9626716015418655
18160,3.905450755447663
3254,4.051831760894145
17412,4.138240335613899
19307,4.074623052812196
1532,3.8434377838597955
5159,3.763656944875472
13228,3.818320449283581
33873,3.655853991736552
17643,3.8376120306088954
10476,3.87920797434685
13986,4.096497683456324
230,3.6801229014183248
25102,4.2025437245419885
24450,3.7228993640307952
41695,4.027623027780316
17157,3.828359756528422
5309,4.068302157480666
3545,3.856529009023731
30249,4.284616270468976
2912,3.846733289632282
31611,3.873443165681218
39506,3.786014023299247
9462,4.330000472562778
32813,3.86392704999077
21220,3.9419883631811783
9337,1.1574461670932674
33993,3.7443347648116045
44284,3.758745019556456
6527,3.8294374844780097
23640,3.9796798857472946
29580,4.09636033947911
1467,4.033274037628145
25494,4.066629445106208
19528,4.054470994910987
5167,3.967906720241274
8908,4.013375174479479
38664,4.033773842843924
9143,3.844752558048374
24337,4.012280767041884
43282,3.918891877307522
17253,3.9129332214236814
23206,3.8641170429714133
34224,4.053535073756208
2898,3.8680068054714707
407,3.675002921581389
27516,4.0093061359065265
32503,4.335464891010844
22135,4.037100222915036
23697,4.208208594215648
41219,3.870030719760719
32433,4.0859213058772585
5211,4.056302940129153
42808,3.8767045893288423
10563,3.967903829569532
8814,3.846644538654643
7924,4.186495756230271
6971,3.8408746143900303
10347,3.9481450465192927
18405,4.166166168724588
5985,3.789497375840601
13664,4.159237830149493
24711,3.95522976592352
44883,4.041505061055673
28815,3.9328327248519903
9929,3.9271783054220175
7830,3.8515146252857706
23307,3.8851732367064953
7061,4.004223224608104
41781,3.8848600071252934
5190,3.6980672715791574
26695,3.8587497783895937
36303,4.065106123168664
28845,4.098245597616742
7531,3.776049752298864
28899,3.900165130905403
22288,3.6676030378856677
31881,3.941361576258834
17766,3.9518460297203344
22633,3.834344635562022
24205,3.5443586394312963
23232,3.7630700799686507
3418,3.8964967056214688
537,3.6678946670505983
2267,3.894783176113605
7734,3.8030298661288593
4777,3.9163108220438345
16809,3.9676884525574088
44795,4.0556436399582
18549,3.891401819677613
29395,3.9881273230548353
13916,3.9737643811406897
2077,3.862692406067432
43332,3.7083553595123164
39175,3.9868941114386343
6048,3.8809131153670937
20234,3.9534376387432486
17781,4.0002452832800275
43796,4.156383685681395
45259,2.0758784630774745
40326,4.156814659322483
41662,3.867894645848404
35,4.244800597747687
6572,3.8632257848304894
7665,3.925770502080672
43504,4.189555944871919
1073,3.8410489506182466
3509,3.986265488530333
22871,4.232542272676122
22826,4.201123516306475
14092,3.798762243746606
5354,3.8024579318115945
3311,3.9823033709028977
22687,3.9574306499558207
3384,3.7410245836749008
22417,4.204721955401464
2887,4.308276013303091
22392,3.958471748849673
32185,4.189980697813834
5328,4.0303299730293825
20237,3.967082227622436
37861,3.9494935503526176
431,3.9047498267736227
12250,4.100962248465597
37900,3.9643047646309553
16464,4.043495675317629
13368,3.9340949708444493
22550,3.7668439903799613
18849,4.0059640216378805
27304,3.875870496293328
13609,4.420291001869433
13634,3.8997226065767627
43650,3.867408281753111
13596,4.380452347019546
1976,4.025596900952302
13544,4.059018273522656
5480,4.006789668843155
25348,3.9391802750389147
29965,3.891047181958401
25618,4.001713632665549
11785,3.628065224843106
45036,3.925879779293241
9582,3.9682968764377926
27696,3.959183183634941
10687,4.18441740153446
34985,3.925563896745498
6904,3.857966944262497
1538,4.273878300815239
25307,3.912630253766703
30206,4.104008847052517
31486,3.993165781716277
19295,3.9685247288393537
9746,4.059313677842472
35882,3.736699251587092
3476,3.9375354648008014
7784,4.0966312567085055
20833,3.8355886964110235
6003,4.062762236149255
39797,3.8503386403067195
24812,4.468585085670134
41193,3.752995342134454
34080,3.967320045192276
43554,3.977771566408264
7946,3.8877931381013333
44982,4.034278330580141
18273,3.7586037404278745
11253,3.635566289516184
19633,3.997022319575238
27385,3.6715575248427714
35668,3.907584993352186
7847,3.918256914147476
25639,2.9506231839476635
32520,4.080806026678791
43089,4.001705004782505
21685,4.04133297452546
5770,3.943482601726703
21230,3.949048009569294
14286,3.852664553206724
41918,3.9233322048867496
22822,4.227424325427091
10525,4.01989668778294
13140,4.006105766882459
11623,4.0360702802447666
16148,3.897038887631498
9501,4.130833399268068
7420,3.9183402648143146
21759,4.252277912924476
17031,3.810900340131845
13517,3.9264134593348468
8254,3.9098095351574838
27473,3.9137226671831207
935,3.897140399961753
37262,3.5989160656543095
11507,4.033053710988007
45623,4.006307403675583
4935,4.17623732784816
42485,4.043738066013734
42213,3.8689667974545188
16710,3.6769291276513765
18419,4.108195803799007
40450,3.989279374255143
762,3.869705016294189
37451,3.820492898981075
43150,3.997522631896608
9714,3.936229994671058
37067,3.7720216876994908
10987,4.261463509576511
4817,3.849827441966282
21874,4.175510643200915
5907,4.204868551102055
38970,3.8610722436556575
3732,3.917592298428333
31040,4.005313979134724
29421,3.9656640760558335
20022,4.281776195003955
13588,4.311036508864657
31693,3.9977702607661714
43702,3.7348024266146975
18792,4.04124882942061
20646,3.8800725371986555
6896,3.8879100118957144
829,3.91186865201487
32951,3.9589591008878156
17473,3.9566503011805354
32094,3.9039556044317854
22338,4.070175146641796
14002,4.06622716517624
16431,3.957593984534888
35547,4.054498659000464
16898,3.8735214117526446
30263,4.123318632032873
37516,3.9432357423222393
40582,3.8217890312725062
42811,4.120398522052795
40992,3.919151377584621
31437,3.923031146050721
22160,3.809755856879198
30474,3.7641861435908286
2005,4.249985352643054
2501,3.7560676325239486
11426,4.341954321533711
39980,3.8197038714136986
13388,4.02222760700499
33464,3.9427650998887507
30598,4.0439069151624905
12982,3.9145927933288545
201,3.839963794017907
34296,3.7318504296174986
30039,3.9671952625196547
43739,3.9642764434096858
2057,3.8884183531795227
30162,3.9741015345361363
5530,3.897815906266451
9660,3.9294080568124437
23816,4.071993361101036
26931,3.820339235752926
32427,4.234331526433277
42430,3.9798370730018835
6902,3.894576271726899
5937,3.8629548651588137
40128,3.934609344317096
11519,4.003599465686013
14345,3.9741513814450045
37552,3.8275652537114473
28808,3.8506090512511335
2127,3.875926942710524
21787,3.963345505832703
28418,3.8470793464431545
29254,4.012238744731938
14785,4.0787334659395675
12738,3.824600720000105
3426,3.7452648475618537
37,4.014337253530337
37546,4.055016503872463
19172,4.068323179428249
23186,3.7708706621777948
45615,3.9813955109856907
16245,3.958948619615163
3248,3.988541261194277
269,3.919795503388564
44905,3.959968241149484
771,4.12993479781495
1722,3.95042615641189
8804,3.972738032055383
45625,3.9926242859121017
2136,3.7479936258600923
37954,3.897546252732028
25653,3.946202189313645
6876,3.8585922377648374
30334,4.067702522421758
22832,4.143897657425592
16987,3.7889202645155984
1402,4.0737252446642245
2102,3.8982935218503147
11970,3.802242244820495
30282,3.969825256458801
28209,4.110975951546635
9506,3.9401846069744506
34307,3.9189895691994794
41697,4.0042653230793395
44399,3.995744800245418
4965,3.961503813071893
40157,4.081685613368452
7552,4.084154515497199
32108,3.7839188835099007
39690,3.9025807238127874
1804,3.967772626307599
11768,3.7586896526122646
40146,3.8159087400387213
931,4.078144643263546
22332,3.8590793266205443
29404,1.2417474645638662
15110,3.85765955236554
7339,3.954389915557012
38739,4.074998474353931
7896,3.940795702638771
11130,3.9914401957214247
43700,3.706896634007188
21832,3.8993228706647884
18878,4.135716028401886
14176,3.9085878657462954
23989,4.057483951716632
30365,3.676307654882327
21626,3.8119192346425788
22789,4.327174319765625
1935,4.027937102948417
26425,4.211446184824125
10370,3.9368400051963826
3852,4.000356908491835
33833,3.8217526659880114
12086,3.8947790621733134
22202,4.033538696952884
30242,3.9536370453080303
8714,3.91819535237686
16392,4.127525600722244
14583,3.9359866505946743
11159,3.87150935537519
19022,3.7396696404225542
29470,3.8897905063662237
2144,3.9136331921800407
16188,3.830917796024867
32696,4.157714024651476
13487,4.205514187516929
23065,3.643032365184312
11704,3.9452527163564017
19801,4.138646038570416
38583,4.016069659637684
42311,3.792919408367151
10984,3.811884700693789
11627,3.9906275442850863
1563,3.8306623362316836
12095,4.013012870817909
21089,4.055455321733304
33686,3.9029415149178255
11707,3.9177518679645
18282,3.9492636660000096
21031,4.055918478546019
23293,3.8025076688926176
23753,4.1770716045376926
22807,4.3165775481415345
12853,4.232761623039718
11938,4.020713572181659
22553,3.9941750180331574
27434,4.046526305414419
7331,3.8991192989249575
22188,3.822630929238897
19056,3.849248599397607
42415,3.9694634022038278
3431,3.909442569611707
18834,3.7991050151532195
22726,3.767405600885363
39141,3.878982179178724
1022,3.8917933158009044
11854,3.9641903793173405
20562,3.9869889395946037
2205,3.9730223275893812
14975,3.9734361680427197
4608,3.8265803400552847
32202,3.662934758891138
40995,3.9405722978446596
21353,4.008436555822569
41005,4.028353899614748
12477,3.9397786563268813
18061,4.106153643294859
36706,4.227611535116052
34084,4.13983571853264
28658,4.204052568431193
15501,3.9732832084643666
8494,3.7163871967311457
2860,3.8387653646088515
28570,3.9165204118742465
43255,4.017804259419569
30658,3.869451088174762
41085,3.7842124307825413
18172,3.8773655675832144
19400,4.229781555096863
31178,3.6859803331049394
9648,3.984100642192864
3581,4.269758144742624
30475,3.8700513120004802
1529,4.0584051910286325
14096,3.938124185282996
23158,3.8974464304764105
29581,4.011415370317755
822,4.009701119815849
19100,3.933237822449546
7968,3.6637227195161355
32939,3.7381345173527434
5910,3.9077638097836798
404,3.7220561745286496
14659,4.110032961390667
12678,3.875421034858379
34155,3.74066909026405
1571,3.7661258581911223
25663,3.9152299624857507
28212,4.068995579077917
30348,3.766080557273948
43432,3.833352318671886
12478,3.886069363633375
34503,4.190688573825042
6424,4.002536893596174
8525,3.962061276886063
24136,3.8436543252580506
12859,3.89865251217982
14492,3.969440163309376
6919,3.932155695617872
17277,4.2851943654445535
23398,3.6670822909038754
24970,4.095905273521434
32331,4.002160947436444
7778,4.152926633519551
38835,3.9314197431304194
24850,3.9755999955262773
672,3.9009368770631387
13997,4.026199185694771
18603,3.835913139862694
19688,3.9316826298343144
44533,3.7090603103927275
25179,3.885745158969703
25078,3.9030635091200243
41087,3.717846949642695
37339,4.071678613259371
34612,3.8204514811521935
20181,3.961544606235601
24431,4.151364410337813
29627,3.9053713836571857
21290,3.7844134428181304
37379,3.9968704159463004
19898,3.9492181486393827
16121,4.177953564706097
26871,3.9140452502645484
26759,3.9045655064632694
3471,3.9440776872514327
38736,3.9907570575793745
29919,3.9936233237790058
30852,3.9791977079308474
15779,3.9684466689186504
8820,3.869860916992788
31802,3.98118543406212
6628,3.976362143498921
32500,4.380752350206425
534,3.478445670909517
31115,3.731085746337683
11352,3.669785919957632
11031,3.9017576292754916
3734,4.383130238757335
8583,4.1424608373419725
2389,3.820004897893793
7102,4.066289662890247
15599,3.9408192100529416
16542,3.898665624703186
21188,3.661396003913176
37744,3.8413777547206975
23793,4.169763456000095
42146,3.816915781507933
12847,4.109004243707204
41659,3.6510259094403503
5376,3.8141371682354865
2612,3.8841120002424168
37860,4.084244450600861
41865,4.080089261044688
30567,3.868891393972492
5558,3.867500955254853
3972,4.116192533203889
22514,3.828815856252201
11021,4.013796620973563
45085,3.798138914589482
34816,3.987447693174782
29624,3.8424049043505266
35206,3.9056595289249145
23548,3.887807839699699
14030,3.9127774494178436
13552,3.912652817559153
1301,3.9064178407374013
43219,3.9734218497202294
15012,3.956523724230428
28670,4.265103883445774
1317,3.99538479275573
1686,4.0222748525332905
38465,3.917291499149418
40913,3.8130328614552895
13923,4.175363036582112
10789,4.023590024304624
24288,3.922217180029571
3698,3.9809535444407604
41864,3.772525596810933
41154,3.951638040863916
10404,3.867035021318644
19315,4.20129984731139
13083,3.8355762441542782
30199,3.97416520542385
6245,3.754052354294719
3530,4.25188246982328
14462,3.9116974415384527
15580,4.137270374233536
30515,3.8552812186774945
15168,3.911364530504034
21075,4.211890932401687
14951,3.841234628980287
2367,3.9169682508457657
3831,3.6072393985641904
10528,3.9990835357269012
19788,3.8242465259308016
33718,3.653210005746547
17918,3.7162163956206538
2873,3.799477693335737
5486,4.066584879129759
24432,3.957312946758668
21753,4.235211175096512
12497,4.084092348170815
5981,3.913381229140722
43328,3.9008258472057165
31481,3.950433162127117
16968,3.8778712389478343
38752,3.960733047467235
6856,3.9111429658297445
1531,3.964878373289628
40276,3.8304516539395457
16286,4.0530305404492
13382,4.169914413559941
34517,4.0968818568168786
21016,3.8679018578003883
24781,3.999530548697839
10445,4.096098368255767
10008,3.694091807976838
13727,4.364527173882189
26071,3.7055675385177045
20249,3.8207236569031426
1525,4.00284952936213
17289,3.885323948957963
16313,3.971985422491371
33446,3.875190235799496
26581,3.945076133612783
15245,4.239657732984824
25879,4.114384459953755
27825,3.989875733354159
7881,3.758171626881036
41097,3.985536505158432
1,4.311312114604302
38093,3.776034525581684
14088,4.101629452381814
9767,3.9646259715209538
869,4.453673783026495
22350,4.131525658127641
37847,3.9098671604909554
39392,3.8855796101107227
30243,3.948852155265977
19998,3.9483929193825364
26401,3.8063943751095852
6175,3.9668017440519385
45392,3.7002410892753077
11693,3.953679539972084
8765,3.924370199374599
44300,3.7632044763541828
7582,3.9024922813277487
29791,3.878098835333591
12048,4.301198130158683
17184,3.7549434105747266
5696,3.7906926558146337
12034,3.995013657941421
19377,4.242796763297537
24520,4.462460084306041
1698,3.896488005857445
19373,3.8365148875491943
362,4.0206773230825075
45000,3.9329605749575114
5671,3.9413178578393158
27523,4.2358365373817595
21743,4.223342274582438
7960,3.651766864922378
27827,3.9484875759119835
12999,3.818790359429551
40215,3.831845400118651
34343,3.8330626394307625
23552,3.5661773888939603
18212,3.973026779034937
29434,3.805243808804839
25565,3.724919559651285
35433,3.9580527090056576
14320,4.079103815790159
12147,3.95694981483761
34505,4.02976941740575
29156,4.295699614851488
9566,3.961925200221068
35125,3.6937617404075658
7708,3.8006616402716875
27413,3.810395057631923
30387,3.774898569861554
16449,3.84350316260811
44255,3.961534242713257
12444,4.066424388188023
32947,3.9240531213866574
23525,3.957425849941515
33186,3.9143960308879704
45201,3.8176717983210766
24525,4.105173538298766
19847,3.825884970570674
40296,3.8956351624780767
33001,3.9434859406905325
8852,3.830920519132847
5752,3.9824076757040294
2209,3.797881547060976
28257,3.87536146999132
42934,3.9597009598982664
11993,3.9132138393425975
7246,4.217207012843217
18840,3.866464146447326
37105,3.8886800488139692
33922,3.845462095771757
1931,3.9473583197297772
23966,4.04041816841889
30392,3.7415817636391746
16734,4.098014561427517
11933,4.013498456537669
5458,3.9130836770431423
44433,2.2983626604859557
17609,3.9839632787808292
32144,3.836042841599269
25069,3.880870798184787
28734,4.072815165026165
32184,4.13200359486576
1052,4.099223796519662
30966,3.979673972896327
27167,3.9986269616856864
14049,3.9146236484892873
10990,4.059197365962914
21764,3.8143845740979425
16451,3.899762413249241
40312,3.926567296873187
1475,3.8133364094347617
3510,3.8512838538883756
25688,4.133544785300512
13440,4.084379302703204
7388,3.8679453341541894
16452,3.9355395309793977
40868,3.895322004693269
10518,4.037246623881494
39660,4.047122085427984
45568,3.9437139919577975
41486,3.7093234092430105
33581,3.823293932113238
19088,3.9279432844580127
27539,3.8728802240361624
25737,4.0907965318565935
20971,4.243936764530969
39358,3.8082949558711086
8811,3.89922409861819
18913,4.031947990368578
22127,3.846545453583771
39306,4.090239493139579
4933,4.112919097421691
43269,3.9294021962618952
20287,3.6982727333072094
9787,3.9019686787696255
13421,3.9393533305358903
24096,4.150587163314078
41573,3.9177299241339125
39771,3.925128460345346
34385,4.087742546205088
2536,3.8058224808572554
36667,3.823039207361048
22576,3.927734358303383
11472,3.9388609487200945
27626,3.8424616318508926
11428,4.341954321533711
31442,3.9430643662078473
10464,4.048480329632389
44149,3.8536962435811035
8528,3.945645264114512
25014,3.747545390933275
45289,4.040359445473266
1315,3.9250817994385887
45479,3.8813706721254384
14566,3.856952714495665
28308,3.927795355680248
15647,3.955010459009033
865,3.858149537687961
7971,3.7718749732418733
21673,4.117544179289588
21544,4.119403678110165
18723,3.8649528659121226
39102,4.009450492893566
25788,4.206438788342492
39361,3.7606027891754703
16995,3.8960063664718345
30241,4.039192197036359
6155,3.99445284977023
12204,4.14753133594696
11005,4.031699499182972
12914,3.8439568583846824
44231,3.7735830777449255
5932,4.016567894648339
6069,3.8342958280799095
38562,3.8783782778171263
29881,4.023237978220111
3833,3.7329601046765553
13157,4.073966696491294
39910,3.9544980378155197
26090,3.923004188535466
43932,3.9020251437040154
6536,4.062428361360993
13414,3.8595760359428057
13425,3.91282406555155
1318,3.947532524560191
43759,4.025367007437356
14004,4.039816464163683
1202,4.1624607992383815
35539,4.051518957316357
642,3.9164135240797924
22904,4.1177212786409125
15654,4.03853166240472
13146,3.9627987085004053
42060,3.836299668770009
44170,3.9699023328877936
19679,3.882533268962271
10233,4.03420538968123
14026,3.9271147499269965
24414,4.0034008034450945
10536,3.9501806268888062
23802,3.6071818424669626
28948,3.9652691926031216
5503,3.8757617093793573
19797,4.153193709383537
41851,3.681721050667059
29898,3.9565200764593205
13853,4.077922304389538
35417,3.906356290163269
43623,3.7038374340480185
19511,3.8843558399990217
25744,4.338216605394175
5319,3.860115643122054
33013,3.826470814865354
9419,3.7995259066836327
23932,3.8832589744563673
18182,3.884596776614994
28689,4.055960133950547
31742,3.859453122072053
21934,3.233166875815118
15535,3.6293758577652993
29155,4.183755649534767
703,3.6971939276346597
8014,3.8511915040508455
30510,3.6463455990060476
14283,3.8750036334363696
4408,4.038440951735382
32668,3.985498805637874
1381,3.906255661338724
16113,4.179049050097728
6781,3.829738439254135
22431,3.872049162569502
13845,3.917090065081383
41551,3.9959930860204587
30316,4.076134693456466
43996,3.9819085243302434
15862,4.183050080431016
5419,4.039154425434481
42876,3.820721639582662
17228,3.8731039273424566
41336,4.088807076092957
36262,3.7729326938314935
17645,3.952346993583259
2810,3.9474434164679613
21848,3.793720640994952
24787,4.135836078241597
18952,3.979996167723071
40504,3.9766715216965918
12195,3.7945675953773628
30948,3.950325399421483
18591,3.939256565796046
13463,3.868296708753668
22209,3.9477851310338763
14648,3.9130758757116975
29976,3.8617642792461147
11990,3.945822339953425
4997,3.9081312193371818
18119,3.8624013707851095
12569,4.109700980927933
3690,3.9240699541241653
3346,3.7239018075244044
13579,4.182793102949135
7361,3.8931790207582346
34627,3.92437397109309
109,3.8180081282723273
44229,3.6605935537806973
17375,4.077887290382392
5348,4.037908147707958
9516,3.9800037924685503
12427,3.8986151383070955
27747,3.6664635392285145
30415,3.7819073242641275
7304,3.8974733951054974
1517,3.955768099322329
33762,3.9248852625500024
1879,4.010710102275567
10971,3.7150684196814425
14476,4.158574319905583
11225,3.7612210686198906
38677,3.9022637719429047
11657,4.056951573043116
27005,3.82811088057946
8741,3.9683757713746486
38522,3.961811603776114
29941,3.7463932574770293
25017,3.7720602537237276
12712,2.3283675266294077
35249,3.717311146129433
2186,3.8700011726573185
11556,4.159161737967247
20687,4.089079096814858
1362,4.219859288667107
41348,3.59950325587472
12557,3.8819586559372286
19308,4.075385650007016
9498,3.8326544568614938
42606,3.8551861064178077
19818,4.089007105783002
1579,3.9502216055466217
37804,3.748871478610583
11907,3.7043181238915617
35287,3.7559814818695703
9904,3.779976592971787
11372,3.8682930882081172
33957,3.925410575273083
30002,3.892183524370563
38638,4.047744214510543
7352,3.7336914011143048
44781,3.89771618602389
9149,3.9237334351304813
22914,4.008014659719352
15555,4.333076671586112
12296,3.8332513541441506
11184,3.905641363620439
13677,3.9134749083730194
8244,4.070956934552302
29129,4.112379472449557
31421,4.0373397432147575
41473,3.974881412738539
5069,4.263804621731764
43758,3.8597247715858782
27601,3.9683786018470055
44505,3.8627135516113156
4963,3.962389162502939
44930,3.9577789995498818
4742,3.8349977449842383
42099,3.7430559090795454
21508,3.8675486246490722
10471,3.9425630222564396
37678,3.8035736596866103
37058,3.8428770359039337
3661,3.6058528314410867
106,3.7726963520790213
26833,3.712714648704988
24658,3.9372105755355378
41694,4.02409030586149
15735,3.8642234381476523
1728,4.041955442936294
34662,3.868353965549283
23491,4.166780920950275
32106,3.7956411347003867
31483,3.95860599476666
22155,3.8922396587310075
2122,3.9261699215807977
31740,3.9408293811225383
14490,3.953865523768103
16999,3.938991283337828
26800,3.9728737741349223
41702,3.8093673490861186
35329,3.9586587301769356
15046,3.743688752552353
6107,4.173119592975629
19435,3.779621673433341
28210,4.153220334431098
16728,3.90294813280222
19614,3.972730564890532
32627,4.171579708718642
22460,3.8361526219011775
8822,4.014569524876261
18496,3.8471659255321153
3574,4.023604080118086
20954,3.883940333096426
31299,3.8127608436179514
676,4.048876553864393
9639,4.260390118596352
3055,4.042211732153212
39105,3.9655062678142827
13521,3.9042878727069756
39526,3.841933604820825
42390,3.933445838103766
399,3.9028323142647072
40484,3.9176023243171136
16291,3.851679537191617
38548,3.8865222133330253
16514,3.6814111351086343
37852,3.8414342727852757
43722,4.0163960322281715
41654,3.868359357692814
25811,4.070542635188494
16649,3.948356889946271
17241,4.089144208213125
24040,3.921061592640928
32160,4.067776579084496
25176,3.7573375205467876
30949,3.8463014855479747
5136,3.8765636883811556
35450,4.0079039684932845
32578,3.8422240466161446
12876,3.8608092409111396
22238,3.888898953986969
675,3.891694037708375
14182,4.218139381024196
44001,3.965698348710247
7269,4.013325665565614
42849,3.898910528821303
15174,3.781008554814619
30284,4.050396095581216
18027,4.189663459980446
31331,3.7752888130159694
26184,3.8684004825328557
23060,3.9398782492027173
12939,3.7720467900464008
1376,3.7409152600665436
23886,3.925123916181854
6273,3.9718008679459067
23423,3.9448520578066213
24899,3.6836091831452302
4140,3.9010791958572635
22495,3.9318334888445694
45414,3.7898790841606287
11406,3.8689654009587677
27410,3.9533132030380562
1713,4.062112192955093
28370,3.9505853922587053
18328,3.888542768392252
38085,3.915385610542866
29460,3.6795212832836537
16640,3.923659407581153
7763,3.8880611019713975
42157,3.8759634504729443
71,3.959086090505423
5931,3.968114213121148
9974,3.880962720128058
3750,3.726298186243852
16364,3.8712893346906596
966,3.969774102347145
19444,3.8358671468785372
43636,3.8722900094819726
1364,3.9424467797381113
6343,4.1612999607261765
30353,3.7485680926900633
11437,4.084875386086116
38918,3.9001120800648583
22554,3.862790765241463
11991,3.9062431799071726
34672,4.044713684149943
44442,3.9087119740134737
12419,3.91967959925943
24180,4.023568268264493
22287,3.6206105749773667
41179,3.909335290417804
18639,3.914489553930812
32741,4.037157854770622
29256,3.9990786905024662
22883,4.111214823561307
43586,3.928310888560799
24780,3.9738455732754923
15890,3.8086038247113727
3298,4.020580374227761
12746,3.8756441089583826
27719,4.040040286612175
8252,4.171802993423019
28868,3.938442863055848
13549,4.269117499064412
6871,3.6596283923765354
6670,4.055922552764137
10083,3.858925767310372
2199,4.128680100347528
10080,4.147535974653362
14731,3.648069079986864
41464,3.979230239598411
14698,3.848964818210053
31204,4.026218928254762
33874,3.8394087460496866
6659,3.9942623636976853
29506,3.884471391204157
3858,3.8744932071679745
45348,4.284137781671684
44538,3.8670447622399826
27971,3.7891788075444213
29633,3.953718521755445
6969,4.109085329520988
7859,3.854430812021587
14905,4.28247541618621
21671,4.053120512839853
5102,4.0044061572911085
13615,4.2851281794135385
2678,4.037886115108574
13493,4.2029551970294365
14883,3.9445759833767835
28547,4.065797667712106
41541,3.859810544326058
33442,3.7486395561225025
16172,3.881504677578903
23017,3.916144514791783
27269,3.8793176832665237
43082,3.954123938839542
12441,3.860149451527146
27988,3.8219497815212624
25752,3.7519086426677255
11686,4.0445821536438435
11621,3.8896141990595745
41069,3.909040741918777
23524,4.064884302745807
32695,3.8666277938747764
4069,4.107294517583556
40328,3.9402742989160093
38017,3.876907812752127
28148,3.838903521327433
13320,3.859522148280568
13879,4.128447429886663
30976,3.7579034109076126
24087,4.106044023619548
40551,3.7249088705726825
8508,3.916009354684946
41994,3.77343649707906
24192,3.8148495755427785
12073,4.230249624922095
25225,3.785423737353351
2956,3.9706196277896875
2151,4.180766443754354
12210,4.399578172184493
13800,3.9325014496527433
43723,4.121484675435682
20934,3.841930194428515
12001,4.054130998730717
6259,3.824004808780935
29035,4.010856854417824
32810,3.8997917786817253
32461,3.8469812632800067
20869,4.086233981424861
29173,4.120327766158506
6691,3.9787892633098902
27695,3.9431663014442138
13107,3.8930248041698308
5051,3.932831543057268
32900,3.854944592662538
10134,3.8548150671485693
17468,3.9350064672650547
26190,3.897482562682603
28977,3.8870272078402794
2034,2.765947751899459
40941,4.060670486783548
12230,3.772862326774568
6148,3.8046884113431023
3529,3.917546103790813
5797,3.9456565247088458
37170,3.8197035750730373
1491,4.140053737855354
19596,3.9971726483378243
45018,4.180835100131649
12328,3.991806876086987
39365,3.700850068415211
38336,4.0347222391924795
36316,4.014485142765601
17233,3.662212757175844
19075,3.731861395748533
41340,4.236033614189472
35481,3.993934633491218
1721,4.12522858129529
12350,4.119326317485962
45113,4.091978068616346
28510,3.924432547777453
20315,3.647569190587097
2390,3.868543624957755
44510,3.885999810185777
30528,3.936417809913866
1958,3.686048280261418
20174,3.795794210340454
33676,4.023114987185524
13602,4.4111925393913625
6541,3.961292745505142
9299,3.7709593465743207
23961,4.017243115793541
35458,4.001312769756976
5005,3.9143390449263618
12013,3.983726116277496
15652,4.047310442204563
31262,3.9749700062378155
7512,3.8546483354608534
38717,3.88868116577272
17313,4.192760622530695
23007,3.8139992277430377
23336,4.057701402371325
43616,3.8434048147680775
16428,4.096212313992313
2686,3.9327268781687814
17603,4.047076139720739
35878,3.9523486204206524
32811,4.110541642926596
10324,3.861500021680098
12941,3.735580823170962
3065,3.956834222464108
22892,3.6676878946056264
13762,3.848378581380734
17679,3.8835070442001447
14257,4.1406137040629325
30143,4.008646531130751
32426,3.842496203823463
1097,3.8497689023983535
41111,3.830072304444113
40030,3.675190320688944
26950,3.9248726179558235
15430,3.788146716046095
24729,3.716560331888939
17245,4.124926872372146
36048,3.813872095202629
8013,3.923452960594798
13930,4.177037840701495
17873,4.05514611832711
22331,3.885254388123899
453,3.7650599696845837
42632,3.984888079671726
8910,4.325481128070262
1319,3.9497557015318465
7347,3.960617780780383
6425,4.028959767109923
39941,3.6385583100053847
30280,3.9849312994549093
24955,3.992300130555751
12994,3.829613878712096
36606,3.887953263880255
32234,4.06073232974487
35558,3.9732444468988533
34768,3.786358301707205
25996,3.9177925350819436
25895,4.071105763946992
27313,3.865466645044485
33514,4.0841099241415995
12812,3.882245936342781
11698,3.9420134347972366
13037,3.973034157033652
16992,3.9357611167726865
41951,3.863324739144136
39541,4.061899097570103
1226,3.8756524646650217
31318,3.934861270669293
12722,3.8377042349805413
19176,3.996234491949713
13603,4.338770970555625
35268,3.959495753339656
28316,3.8766256248181157
15655,3.860847575196984
2265,3.8199107311976004
18047,4.246945509339074
41092,3.838372480242148
27306,3.927855652788748
834,4.173661958371975
31153,3.6812397558350742
34895,4.083434461278914
38426,3.807358483338532
2112,3.9248541283290925
26578,3.6353570091986747
21173,3.896055289097764
17316,3.9976672628007996
22724,3.846881386608548
7271,3.959408260841599
12916,3.652540826467414
1542,3.9397076022246624
1431,3.941578355930174
30260,4.123368088902037
33704,3.909164424110494
5372,4.065421043239092
17986,4.017722403679204
16234,3.8648491164085277
16878,4.090668728714645
16151,3.8004999529761547
39988,4.184737853659851
42210,3.912419418713039
25100,3.9317287176087867
28254,3.8898600484618107
15101,3.6840676537441484
10804,4.08508096211789
11630,3.9367203334453613
30423,3.8427786758172817
40491,3.937040807079439
30071,3.9929622017653155
15578,4.072191328701625
1625,4.024570975588784
38424,4.019408664435728
24154,4.15594441342028
11149,4.041422708440966
12317,3.9657753396051074
43060,4.053731262603248
13119,3.8935458846307625
354,3.780642651043791
13501,3.9965844297200457
7633,4.055582151357346
19178,4.0154342438973005
24284,4.297511134597375
20024,4.275033552203471
428,3.9174802806634474
27091,4.020936025031441
11333,3.9623229025456554
21194,3.7613925111637307
9558,3.946012646784188
22067,3.730812050492522
30191,4.110477579148516
5374,3.9827812531699562
8710,4.085666190005834
28225,3.6539209479702963
29253,4.1097666029993665
42143,3.7599225916275643
16004,3.7685632105485607
40299,3.7980017686654994
39213,3.942503764891298
21348,3.938906456902832
7848,4.100266821311248
13576,4.175061398063211
28822,3.9701712460564416
39444,3.743136036504723
45616,3.9986209226808724
20812,4.000876669442413
37061,3.9919911881270393
57,3.9672553902838192
13667,3.9918256017335487
2893,3.812371785062671
12571,3.9051289041671784
21282,3.8857255411824028
38300,3.9856797796158148
5816,3.981478373613161
33614,3.9547906252317477
27432,4.229454795615082
1883,4.011511990717693
9060,3.934385274182004
8489,3.904341641274364
35827,3.7897995124179134
32884,3.9219880346535736
32823,3.505271826634153
41070,3.7928647175425882
34901,3.9489634845343273
37674,3.807886670948297
44542,3.8145653313834504
23303,3.9606145927712064
26439,3.9837360637569135
4600,4.206522887088168
26407,3.9100108103604483
20316,3.68735345728758
30677,3.9732225828739782
1423,4.0765129382695
42878,3.851377546569351
43440,3.9002713837352956
28486,3.904465109119981
24863,3.822095357446331
40620,3.8705387488876166
3834,3.695189467437634
32328,3.992409267612858
18255,3.91659283847298
16897,4.0819644551107155
24985,3.6487758996333386
38951,3.9517853564520125
122,4.062589267126871
30820,4.193126626018098
30587,3.8778320906945067
10203,3.894178023077309
43380,3.8939905809731465
3053,3.915345298576106
7955,3.6874610100770804
14098,4.102113266004521
22193,3.8764846325736433
18324,3.8635230809039913
37785,3.9389886801376615
3895,4.105975247596474
28351,4.100900913802932
38504,3.92975162104368
2412,3.8567954684276815
23577,3.8600432286605795
9539,4.191829970831658
31573,3.906979437756075
11089,3.898256301848972
4008,3.991339769778869
21608,3.6423449899584845
12786,3.7973057544902504
17770,4.137918942787315
16184,3.828884213394552
37301,4.080172937721479
31555,3.895358192688335
14504,4.092279035653698
2646,3.851608175603588
10797,3.9652607174150565
29499,4.08372382280589
42714,4.10272487254504
33292,3.8905299067215933
18962,4.046889583972952
15374,3.7029995075995257
3348,4.127074500919815
35347,3.966071158139901
11033,3.938022023810052
12297,3.8011250625888695
18013,3.8428924477516953
9349,3.8622854330408862
16102,3.8170321986348372
18874,3.8337138482325566
6855,3.9261619486106434
3446,3.746727807496223
1702,3.8374708562817896
45118,3.704245081628685
13914,3.9082528030056536
9811,3.9983973853974106
2255,4.032037737880988
14934,4.006109036431865
28466,3.918935455961314
41506,3.877250484905572
8726,3.8638657319264618
565,3.8938249435198875
30231,4.163285049877196
42417,3.819839667878736
11197,3.872106926588616
2371,4.024401506584199
14477,4.251494560150476
39081,3.990445376835361
14666,3.9533594672130636
4723,3.8340486133806855
23784,3.8608786554733343
1459,4.150779428591525
32307,3.8364367241935615
18394,4.076145095887424
7663,3.9555457855648126
28356,3.854279736712726
12724,4.082652050223624
24442,3.964976658905882
18758,3.8605225655607116
17026,3.884226398943383
44225,4.145935730423784
2802,3.9816995453305952
43028,3.840529304686604
32154,3.9403330243943393
15251,3.9015709947491306
8520,3.9576211250619844
16921,3.752108586121205
21930,4.060542831032909
33002,3.925674444577351
35896,3.7886175598098286
33488,3.8192619932567
4221,3.891438250527993
26324,4.0392943545573905
19063,4.07109689016113
13543,4.060540683068195
7182,3.9824949680396533
85,4.041405349368504
17944,3.7987998458264802
38333,3.98077087472162
38737,3.930115429257662
30233,4.104278843698178
8538,3.9774857289367183
45037,3.803887198501385
37387,3.783900380216438
13451,3.9482861969623753
11702,3.9952258810793784
650,3.9332648315174286
13374,3.895157700424194
18519,4.1080809080896366
28567,3.930875877243662
40425,3.7797772206383264
42438,3.7607279358920245
34319,3.6502634752139853
23438,3.8968470963106827
23832,3.8179814052135317
290,4.078177550454368
409,3.980330108514957
31985,4.055433736544269
9923,3.7287725536377945
2542,3.606005277605263
9512,3.823236053489596
15924,3.933441762543305
13981,4.046221674894484
11377,4.086430381405413
7841,3.9474786803017428
12079,4.075014421419752
16963,3.9880584096941547
23944,3.711828770137831
38123,3.87028805632564
24666,3.8525903090505342
40459,4.00137623744989
7375,3.9780153304991517
32610,4.000957411142637
10503,3.984997417240192
17176,3.8268543828878374
20781,3.878098837943741
36128,3.973242864298063
35475,4.024395781441895
42501,3.8949548059784704
25426,3.4031554364403616
25435,3.9130993663988383
2896,3.9136597703321496
32589,3.999381982699783
16994,3.819742579656051
15783,4.116067908957836
30575,3.989724936289067
24066,4.023403738699189
17216,3.9201262485070316
32078,3.651783160400079
17872,4.050385802394132
12582,4.080114069823307
6614,3.7639797284731036
15587,3.9282855350402817
3872,3.875695908088546
11334,3.856891471740788
22912,4.136211344986897
28388,3.896317108466918
3231,3.9479105354673782
30590,3.78766849230547
16427,3.7007613642538204
28913,4.01268112707806
38296,3.9562404732686427
33490,4.003596839557631
8200,3.940660180000111
7672,4.009359902221096
31999,4.5379496558392605
18853,3.948524942750767
17635,4.036290893732271
10090,4.117587125878761
10006,3.8348023796650326
28733,4.063225402364289
16598,4.225862528874754
23421,3.8073056136077503
27023,4.112171741785996
27804,3.7981567000325707
28385,4.100439602474367
6326,4.16019900556456
10238,4.008012415321451
2228,4.0834503158764175
28805,3.899146049816466
11741,3.9211949051866855
15298,4.118126976247102
41073,3.873025628700746
3047,4.065839930502013
36314,3.9814504947275515
41342,4.226927291249034
19259,4.135863905045624
39961,3.8842114701919326
2022,3.8060453409755275
4223,3.705682277464959
33917,4.0452298693569
8703,4.059535010721751
5893,4.109647087219756
10765,3.870695608605108
10909,4.018179782357767
15466,3.7673113027647713
1848,4.128460321477815
8428,3.7036128480273725
8880,3.6933910963307044
40329,3.895329706087757
29587,3.886179937976063
3650,3.6965977877771117
3117,3.951852698515108
10000,3.790115471997298
36570,3.76107878323639
31488,4.038824198690649
24572,3.9313562402194693
39308,4.2449259000033575
2257,4.005569631316337
27038,3.842340477904488
28470,3.9238429164809623
39433,3.9972346438332225
13661,3.976347325029956
33447,3.9254493378967785
45564,3.9471337354882374
2586,3.8349977449842383
35092,4.070038124001477
29788,3.8774858520374815
1533,3.6430940218698407
42180,3.900164780275795
34241,4.362317955303948
28796,3.9430591807887896
23809,4.106384811527947
27347,3.833522896399405
34596,3.892881562859098
27932,3.7829876498087938
5477,3.8724796875758627
23979,3.9069451534134934
21557,3.817311856705199
11234,3.942989823914078
30001,3.9384505705033503
22199,3.9645171435010065
19474,3.8610933703002552
37036,3.62937760950996
33194,3.7875370285812537
27054,3.744202566476859
42688,3.9124545457783237
44628,4.003160890715096
16299,3.911065920576647
33668,4.017434152971287
24676,4.096860156427118
42172,3.9736219018775096
302,3.896365501010028
30551,3.929606602203766
35519,3.9347038427304417
33566,3.4630707559895932
43378,3.937069375984153
8542,3.9603682148027692
13545,4.016293002313795
13042,3.880267562372998
5027,3.9425347986770896
16735,4.123559913524524
9418,3.782113369318549
18765,3.8609062742293743
2289,4.081398709680421
38400,3.9129536751825604
38667,3.9780116482757513
33139,3.937884551893836
24727,3.8116072888479438
36953,3.5855315289081124
43375,3.99202494197685
22421,4.290629956495076
24914,4.007638389177313
10210,4.139786054611201
10561,4.083838122622403
9638,3.840625064796621
35440,3.8863625610630135
28674,4.233874219809545
7600,3.9618610876600604
22076,3.9351802234058124
20517,3.9253669222776413
9594,3.943041547844513
19913,4.103149229898622
524,3.5687426522912595
12560,3.942374322707894
26187,3.653210206137111
9755,3.9528347178072516
1241,4.018851930680731
29204,3.8616617979560046
24604,3.881395580713009
18067,4.114543228005441
28850,4.230996999201927
15276,3.9263136144817326
27438,3.9269413727834928
38775,3.9372299959195414
33418,3.9978712857694743
10780,3.9389050379680777
40378,4.010370948207329
45500,3.9335778293799977
2099,3.9906592400789562
16325,3.8144755992820247
34221,3.92222159312407
17133,3.902646236650744
40792,4.018737076814093
24953,3.980143020696923
24737,3.657431364856623
5571,3.946153355029664
24178,4.237413227447132
22239,3.8389348515464072
6534,3.941197435719621
45440,3.713931502099509
23000,3.6807067687298747
23224,3.7724683565736195
32130,3.9155849950416846
14941,3.7259898544765906
37057,3.9863337916227057
15544,3.628575024357157
880,3.77900607265162
3577,4.0378527698920035
40859,3.878443448866816
31491,3.994917147190759
30358,3.689481673717967
44816,3.8661430354913615
13254,3.9105126558787133
17701,4.039229165391423
38860,3.922906919087023
31114,3.8703492615928154
37828,3.8518358468146117
21823,3.8170031710716437
13519,3.898179014907371
39543,4.115572171860094
4278,3.9237002472370834
33333,3.8738229166124833
16569,4.059413779154665
37638,3.968554686255883
23392,3.6345898723239722
17961,4.098668173639205
41426,4.008663778178389
8533,3.954100204027407
9844,3.9557177339333816
23249,3.7569920162796535
34902,3.9845044332357076
23558,4.039424115018035
15047,3.816564631218636
24297,3.9756291520350597
29390,3.86765985239217
10089,4.0047162927034075
13423,3.865307093624635
43486,3.7190410870378727
1561,3.754068939769464
9913,3.705246677028838
13106,3.941453486169061
7336,3.8139170466551864
20074,3.8489802448759036
4717,3.898968521848179
32262,4.091645290430312
39793,4.036511481885929
5814,3.900519458658114
29537,4.049544883422692
20677,4.3088034196236835
3469,3.9056318324042336
1424,3.712638840862159
21682,4.006972722655385
26085,3.8777385936717943
28067,3.8546238927901726
34301,3.803213274749256
4314,3.9618559083853215
45294,3.8826978317223664
21062,4.020567319965293
15058,3.79836165606032
13616,4.182853482827788
20862,3.797197186878758
26725,4.213859514764583
45432,3.898578359117808
21756,4.086320500930326
30247,3.9020982694239694
23722,4.357944676968817
12851,4.0067198218118625
18489,3.7980642232839896
19439,4.061683219558286
14463,3.790495188147755
410,3.993321862966734
26236,4.1618625955663
9981,3.876384777187771
13012,3.7683137892465806
37986,3.8685799237604086
18265,3.8965465496304894
29619,3.8154075554866114
10460,3.7886653253383877
24889,3.6967205051401644
28810,4.001693603037802
11824,4.050653502187922
6367,3.774515544035948
25278,3.91165582095969
20944,3.953111647951242
19681,3.9642588497628806
30,4.401257505216282
24733,3.7194677118306636
20929,3.8672555429488034
44734,4.4050155722472555
13467,3.8612131642392993
43317,3.974629344894277
28561,3.976878827262148
19822,4.025086350796349
5759,3.830367767793916
45595,3.917235267515451
27515,4.101491145643572
10495,4.085360341769951
30343,3.835448428809072
18021,3.846346579429991
2804,3.956542802943186
25367,3.850389252300118
26480,3.8674719306213667
33557,3.932811293873557
7529,3.8071432345595153
39763,3.910210094251807
25192,3.7422904269093014
2283,3.763930371924148
13842,4.135135995449374
44879,3.869926126142126
19412,3.8951512935543406
7803,3.91483567676501
34510,4.102577879278682
19498,4.062274743256
2921,3.819727397459662
8004,4.030485415710137
6388,3.6528268884893897
8964,4.018833292465748
41278,3.784823671988604
7850,3.885301091240772
37750,3.796157789123929
14460,3.80075544980961
10622,3.83494165311112
22591,4.127043259618733
13490,4.209052586878873
38473,3.9957416107531536
9525,3.946160936160482
31947,4.104549990211414
20498,3.839815319947454
26596,4.217133140898486
17905,3.949672957630039
31968,3.8882205447907072
22470,3.9312323314293267
32396,3.8484856109509797
16448,3.800792205252461
18854,3.9288250670311036
17437,4.21480291122879
31637,3.931160425332122
26088,3.8843639834319625
19768,3.913709453019083
23601,4.251535101607555
10311,3.7866240382158223
37027,4.04921652973977
21437,3.8957238311899927
23955,4.056676912429695
4162,3.886171610314569
9012,3.9478458436875723
7113,3.911379028009773
7231,3.903343753621775
38338,3.9727587901895878
37538,3.930185988884362
37773,3.7487703277600115
2688,4.159197169624186
10916,4.099452213743524
17334,4.242613440949709
6693,4.108931439115203
6297,4.145947587909354
3102,4.0828551850225345
10118,4.060789557738248
15314,3.915427099665311
2100,3.8966964093417715
16654,3.802686869118468
31095,3.9814510939375847
18341,3.8798448960273166
33342,4.213995134191965
3491,3.812382990875222
9327,3.92693697405011
43988,3.881196854417843
16331,3.9047687463024925
30066,3.8393316340775634
23870,3.9380508898346043
6291,4.091799826127076
28003,3.8123969844827736
21722,4.068738417990203
32778,3.857556028178095
19430,3.7101802306411367
38669,3.965790499476838
39339,3.8803406301300707
28055,4.0706083423330615
20417,3.7765162050028676
32572,3.977327269356565
8568,3.9498022484404363
8233,4.202143233745868
3733,4.375788046608014
30523,4.003113262398682
14456,3.998896340432289
39077,3.922823854528061
31389,4.187464502477523
11279,3.9854251018939344
11901,4.0590910065359
3493,3.9465539167006187
2868,3.9936948400732684
9355,3.815054671677993
3788,3.83261239979194
13469,3.8564397865562814
36946,2.691468665392824
3758,3.6960124167455692
14312,3.7515650837101875
20240,3.943378469004935
14003,3.991401591071155
36072,3.9783217184390662
24762,3.6988155383985655
13829,4.1398529197663745
29052,4.03905473542623
24581,3.822985249512612
25101,4.178915103138785
41495,3.9491340903298187
28660,4.176832146994163
29981,3.8499784080505393
7432,3.90711402280992
40184,3.943343176285284
19997,3.9298338082978166
15312,3.887782244022582
8196,3.970363210479229
6656,4.192003765821871
9833,3.8070248907458772
35100,4.07068316523788
7048,3.770820648970985
31763,4.110780667771491
11777,3.593129574606818
2937,3.828344081501388
33671,3.8608041940529865
8373,3.8586485299196593
19506,4.042901419983266
23001,3.68070004561442
14917,3.881557689826481
3914,3.914253300138389
13500,4.05254770966942
22196,3.805018697919444
18335,3.8904127064361558
41703,3.822693758683204
3580,4.09732564299184
9717,3.974337872444967
20157,3.886106884330944
25961,3.9812662955254123
25937,3.7755940566156423
38169,3.96423239846486
35412,3.8169093662434523
20895,3.854473310735487
15464,3.7716304089770203
31916,3.7503519552107605
31923,4.202560741012142
11653,3.6732396667126594
24908,4.130846719215175
35234,4.218006919888902
25495,3.972387386884124
8335,3.9431867968303536
41376,3.774893788943999
19409,3.8986076252688084
20661,3.839224445992689
39473,3.8780964384744774
12686,3.862270251619067
18146,3.9260447344636202
39124,3.810035582482052
37444,3.8340750334153277
13147,3.842188791811376
24978,3.6974721259556724
44012,4.068858117799388
19484,3.7875940610914305
41330,4.1161946420832765
9831,3.925699237798332
33484,4.0325058061621775
12618,3.9567488480910025
11136,4.198018223461826
35159,3.7453206683713165
7613,4.0045051953923645
1377,3.6828927907088147
8495,3.9241403891165696
14981,3.875749783868614
16425,3.903308921874489
41513,3.789027271300217
3685,3.9384973691064755
9538,3.9184742470600806
42622,4.192155622185973
41663,3.6649574773295934
25355,3.937384507723382
7606,3.9145894721796592
27582,3.905509562531938
26934,3.7455040984584835
29075,3.987401630461576
34299,3.7969686068746364
15682,3.9291170720038053
11890,3.9829182101493252
43344,3.6722043722585154
6562,3.892710831520718
29396,4.034240261877511
19193,4.036427187886071
16315,3.8298921119613207
9531,4.106905851867458
29571,3.751778429342394
10420,3.9469706832512763
39622,3.839388806252789
37737,3.932311459912127
5220,4.133261851532696
10757,4.004247781350655
2835,3.620178860429047
6690,4.122956010714957
16177,3.903627891391084
43841,4.042096234934433
5209,3.9624614156780664
20019,4.061893763716753
5370,4.026167357824007
24828,3.922569151791396
44002,3.9497566334265137
40127,3.9431258689952298
20422,3.701226335298181
31222,3.854774961842431
1465,4.014821871332962
12650,4.054071384938205
24800,4.0676563200713085
5776,3.9443537455324043
11597,3.9696773395882397
2968,4.195827073187092
29378,4.070215937547491
21365,3.9989913552447116
18072,4.083516668559617
9622,3.917612633487961
41344,4.189966523971474
11431,4.2660474674661
25373,3.9623500033983574
28819,4.357441345990841
28026,3.842911657005467
30836,3.894635890404689
7983,4.025708727312036
9141,3.9609699656126316
25440,3.956662657866033
39994,3.860059138187768
32929,3.9002940692033072
30712,3.9343291622553735
6197,3.989554201610061
17181,3.655641092893721
17204,3.9232638612482993
40911,3.8335539458865004
44185,3.890325487554922
29593,3.9716379048869364
2560,3.7575939111874463
8,4.498579254969819
42891,3.888185628373527
25395,3.963724510326545
35806,3.949256111759818
37683,4.001469798379637
10808,3.9201402383331656
24196,3.9973085137716913
32484,4.012845601966844
9245,3.7184509604610643
12193,4.012478372982996
27222,4.024550676241372
22913,3.978867899263904
14214,3.988211470647334
42706,4.010630649582429
28729,3.84891937680388
39508,3.788854297494551
45017,3.8530584513921515
26829,3.876761831430727
21550,4.049470912320512
3604,3.8980590912478434
41518,3.9236069773104707
11468,4.089390472044837
162,3.8877718453154966
21294,3.927128601007212
29906,4.313558583095678
27779,3.9021610584290243
24904,4.082448619001427
4812,3.944452017041465
24305,3.9739332080276513
24779,4.038411741806697
8581,4.065151893088615
15460,3.827490731081708
11432,4.1923433723267305
42915,3.703988823074645
23942,3.734374705576831
11980,3.8728381964291176
9619,4.1797801380943485
35427,3.9504488016725867
37815,4.08403793368245
4031,3.795780652171191
13337,3.9015551310907144
22898,3.6970097513661204
42447,3.9653784569456514
7055,4.064402716634401
12016,3.9591529196264736
6680,4.100381409164789
31833,3.975742739974906
12937,3.8815293828356467
32258,4.0961149572282105
26048,4.006810015795204
38670,3.9936968634619783
23757,3.9933823190392497
5210,3.8040318356131677
50,4.044160572664533
14790,3.9904480843363834
5787,4.036136630846206
21536,4.263087620281525
15582,3.8939515204147397
24378,3.800064305907873
16503,3.7251377054680215
2153,4.202846464505115
41834,4.183163500256472
29622,3.925489458680154
3635,3.9839320668661062
35348,3.8713327197699448
2718,3.9900013338943308
29022,3.935904376346845
25279,3.920661541479341
22198,3.868403341503832
44759,3.703234531662433
28963,3.950210509279759
43545,4.109419876359864
44617,3.9036595954052666
29966,4.002790504410316
30097,3.8483488991808312
39638,3.951077788143657
385,4.009208754276216
16991,3.9070440653626797
38313,4.040458728028974
31619,3.816498300460139
13598,4.441588795404297
13063,3.6529243998783887
11635,3.935718990247175
13929,4.035193562999292
32964,3.9722188133777903
29205,4.155961149963146
3478,4.044407525897778
37340,4.125447045209325
3985,3.9753112720882386
15044,3.819591246149312
23930,3.7219169310262807
42056,4.038374774512542
41962,3.9659041566496813
423,3.835707418542607
40226,4.128838720474017
15154,4.0296517613255265
9875,3.893049549223161
19802,4.067835965080222
38339,4.135309885959392
9330,4.022878642517741
14473,4.260096453433823
8499,4.155519188362955
32609,3.9969926857694236
25244,3.9773052704274265
11766,3.6264001440468183
5659,3.9203626718742393
14888,4.026414101727613
5417,4.262502338016979
32592,3.940633403381095
5261,3.877131173214526
2045,4.415362611313212
38513,3.642906870510049
14075,3.9048939617099334
32349,3.864599123081064
26417,3.927530230112436
14179,3.9319384302040925
43461,3.741028282392966
32289,3.9738734850819113
39633,3.954023176540484
5362,3.999729078597187
45506,3.859290962954005
33474,4.035998212618502
34881,3.839193019542056
1744,3.8309185815298905
36064,3.9307800351839717
27266,4.068100404080265
16388,4.126080492464467
44684,4.154269457226708
36085,3.710474974117319
426,4.2033818436133705
3051,3.9908508051067906
5413,4.160732379891892
31098,3.846959358742919
15124,3.7874208398816087
39692,4.051549023571929
2494,3.762674003812147
8601,3.9104093843818646
32424,3.9812266841426927
28194,3.9511449692478373
7838,3.9753108331161227
2923,3.8730305895415293
13018,3.6925774383879797
9350,3.6861399163687074
17707,4.095728054534315
22584,3.915550174754367
12090,4.0111656066481425
35805,3.8944537870087146
24704,3.812722840370008
17548,3.9246318070501043
12365,3.8708656508633195
34534,4.0142856147398644
40277,3.942917064009288
45092,3.8514161772508824
11563,3.9080724963653823
19411,3.7557309205839013
14946,3.936920938617326
7341,3.877591064736897
28701,3.73089159922287
9298,3.7912007342018716
21266,4.164756581224641
32516,3.773612809422475
17550,4.10720665264107
14591,3.908175446358966
10756,4.059425093227365
8205,4.023911304073053
9253,3.7109152111853816
12511,3.900907369800821
28207,4.099669024672759
7869,3.8953643189814273
18035,4.098797937229388
24660,3.932771881783297
45030,4.177258413915949
16376,4.111948429707399
26426,4.43760097833346
35792,3.9231884204390313
337,3.8572443058971646
30368,3.764031270840172
16702,3.8798773788812695
17230,3.854990002859244
7119,3.825114797529324
24858,4.020699395481188
33481,3.859705003954958
35888,3.761418808333613
38911,3.7953565330353314
766,3.8861996448249925
36005,3.697652155284765
497,3.8401142431974162
36076,3.946328357365339
28873,4.147870969798253
20660,3.8691307027191497
30626,3.966595052803116
43384,3.972323282562942
20552,4.035641761510244
38264,3.755110033305328
9030,3.903021776594462
13276,3.8945607691687143
9464,3.7887679723818866
15872,3.9674406194648113
42573,3.9153535050330524
10433,3.9723366582617334
34570,3.970588168528039
1800,4.0328478159296415
40016,3.862457342842279
6619,3.8491154408263846
31351,3.7227166408487116
22743,3.7783460128005792
29152,4.280929283828112
9484,4.154598180329629
5015,3.7229006573191006
8073,4.1460870240391525
22409,4.156326036986832
41430,3.94538034854578
28395,4.150411041174319
38913,3.899125099541735
12880,4.0914552033987155
3774,3.63649532294974
10750,3.744303060627998
26049,4.063350694143834
91,3.969547341776314
45291,4.005606376550859
30399,3.9532186430316134
31466,3.7802128388401988
38827,3.8705123355784425
32893,3.812972220889737
37186,3.9880004060798058
8750,3.7486094694460443
5066,3.8247834277064006
26289,3.908752813084483
37299,3.9436399682727115
25923,3.8075545251226055
18365,4.087365447592748
40636,3.934071187521336
32779,3.9048655502888208
45486,4.102312099290994
29471,3.9693118075955516
5129,4.089577938147002
29565,3.8294716833970455
44380,3.765915921776015
35735,3.987996647410342
6290,3.8522394329327247
12052,4.122957558495922
33559,3.9796477756991546
34052,4.185096437880939
37434,3.891702329536556
11251,4.040198439199759
17122,3.9453857134635837
16547,3.894045031434202
15692,3.8453658387363716
1473,4.0157385746061065
8865,3.956908489140618
28468,3.897656524331628
36522,3.9469894816465865
28666,4.154441428190048
24763,3.707734356654506
22868,4.270301900994974
826,3.778829082285121
7661,3.938237075603516
15826,3.957252759682329
18843,3.934910704164263
12401,3.8644359712991663
10988,4.229807225512088
15177,3.9068919935264494
23588,4.080435664567924
8557,3.998042615453178
44039,3.8897885261032132
31104,3.659003547173241
8162,4.016899715858689
10691,4.069996970082028
9517,3.829703254402404
44514,3.8914712600466683
9456,3.873635626532569
9820,3.915525690507884
4055,3.9515922574503914
9507,4.032440316812949
2971,4.044909274254277
26603,4.051355766569872
19298,4.129879748863541
38529,3.9054453396196607
37594,4.067180900703091
25154,4.143624537520561
18822,4.058586580457357
6459,3.7777709307485194
32581,3.7672794917002803
16527,3.889857104606806
31722,3.8720638372546814
17020,3.809253029726089
37603,3.859176934170298
26330,4.088006991960014
37023,3.881151094536691
42410,3.9387311521804373
22192,3.8506258114526446
28688,3.9389380644685352
22242,3.9928358357212805
30215,3.834807532720083
8766,3.8437665962015846
17056,3.935620890155838
41684,3.966138844003421
13069,3.902982637122684
30352,3.7041957272537767
40487,3.844811476728179
5008,3.767375661254876
31304,3.811558675976242
33297,3.887643603757036
23261,3.9393164869958035
13494,4.050954023125503
19608,3.7257526206853373
23848,3.6925093395857633
26147,4.090167265443329
26592,4.163315169919488
31465,3.7806217273980787
37350,3.6959363203870583
30391,3.8481065705095965
41492,3.818832286483387
39397,3.9465548259747845
1449,3.934600762358065
22557,3.965219216947307
1123,3.999920548438764
2343,4.1437986585898186
4332,4.0573326423358855
25922,3.843748875680261
15773,3.9327014842148813
20468,3.805399121160558
2626,4.043391709324325
15550,4.123684108414208
38990,3.953891119860839
38905,3.8324300728506255
944,3.8780988745604525
7805,3.9324952330647567
31880,3.776862816635786
414,3.8141120321680626
43905,3.9337493434000343
26860,3.947028266166093
40343,3.971798777114507
19333,4.317452287730726
6543,3.763372660718943
31227,4.056709051127117
29625,4.219585519746347
29514,3.7087810029861563
40156,3.9772660460677995
32760,4.006533506396913
34284,4.0301689236004385
17722,4.117917651663396
1849,3.8940919357293655
10456,3.812280296633847
32782,3.67145834650087
9784,3.9796374807502137
4947,4.008861494590663
23194,4.028479005969943
13659,3.9196810873861887
13591,4.145858321496286
38075,3.988280701912662
15698,3.9210538951390936
38510,3.752192860222089
17290,3.8789561205996557
43620,3.812894443253063
9669,3.711412601880829
4986,3.830052239921408
35988,4.320530086162306
2499,3.847810445791827
22459,3.9703322930595033
24930,3.8727484084998722
2281,3.8957042808211617
11557,4.271506735957625
35848,3.814510782630147
30318,4.076134693456466
13136,4.028540402166503
43166,3.9656075828146493
20932,3.8286773043699087
17366,3.8992343092059443
26449,4.023424520172615
32298,4.237142564203738
28456,3.944373254138917
14719,3.8783490819656414
446,3.7735995806096425
